model,train_loss,valid_loss,train_acc,valid_acc
finetuned_ResNet101V2,0.028282671804314912,0.11987132637204923,0.9928385615348816,0.974452555179596
finetuned_VGG16,0.014196297012783058,0.14244348507458604,0.9954426884651184,0.9635036587715149
finetuned_InceptionResNetV2,0.004219799491560631,0.11044486847822554,0.9993489384651184,0.974452555179596
finetuned_MobileNetV2,0.008390739780950915,0.2335375535638175,0.9973958134651184,0.956204354763031
